,Title type,Directors,You rated,IMDb Rating,Runtime (mins),Year,Genres
0,Feature Film,Dan Gilroy,8,7.9,117.0,2014,"crime, drama, thriller"
1,Feature Film,Mamoru Oshii,7,8.0,83.0,2008,"animation, action, crime, drama, sci_fi"
3,Feature Film,Tim Burton,6,6.7,115.0,2005,"adventure, comedy, family, fantasy"
4,Feature Film,"John Lasseter, Joe Ranft",7,7.2,117.0,2006,"animation, adventure, comedy, family, sport"
5,Feature Film,Stephen Chbosky,8,8.0,102.0,2012,"drama, romance"
6,Feature Film,Joe Johnston,6,6.3,93.0,1989,"adventure, comedy, family, sci_fi"
7,Feature Film,Joe Johnston,6,6.9,104.0,1995,"action, adventure, family, fantasy, thriller"
8,Feature Film,Brad Bird,8,8.0,115.0,2004,"animation, action, adventure, family"
9,Feature Film,Steven Spielberg,7,7.9,115.0,1982,"family, sci_fi"
10,Feature Film,"Eric Darnell, Tom McGrath",6,6.9,86.0,2005,"animation, adventure, comedy, family"
11,Feature Film,Steven Spielberg,6,6.7,142.0,1991,"adventure, comedy, family, fantasy"
12,Feature Film,"Brad Bird, Jan Pinkava",7,8.0,111.0,2007,"animation, comedy, family, fantasy"
13,Feature Film,Mamoru Oshii,7,8.0,83.0,1995,"animation, action, mystery, sci_fi, thriller"
14,Feature Film,Chris Columbus,6,6.9,125.0,1993,"comedy, drama, family"
15,Feature Film,"Chris Wedge, Carlos Saldanha",8,7.6,81.0,2002,"animation, adventure, comedy, family"
16,Feature Film,Denis Villeneuve,7,7.6,121.0,2015,"action, crime, drama, mystery, thriller"
17,TV Series,Jonathan Nolan,8,9.1,60.0,2016,"drama, mystery, sci_fi, western"
18,Feature Film,Dan Trachtenberg,9,7.3,104.0,2016,"drama, horror, mystery, sci_fi, thriller"
20,Feature Film,Denis Villeneuve,8,8.3,116.0,2016,"drama, mystery, sci_fi, thriller"
21,TV Movie,Thomas Stuber,7,7.1,89.0,2016,crime
23,Feature Film,Ridley Scott,9,8.5,117.0,1979,"horror, sci_fi"
24,Feature Film,Nicolas Winding Refn,4,6.3,118.0,2016,"horror, thriller"
25,Feature Film,Matthew Vaughn,7,7.8,132.0,2011,"action, adventure, sci_fi"
26,Feature Film,Gavin O'Connor,8,7.5,128.0,2016,"action, crime, drama, thriller"
28,Feature Film,Ron Howard,7,7.6,140.0,1995,"adventure, drama, history"
29,Feature Film,Bryan Singer,7,7.1,144.0,2016,"action, adventure, sci_fi"
30,Feature Film,Duncan Jones,3,7.0,123.0,2016,"action, adventure, fantasy"
31,Feature Film,Shane Black,8,7.4,116.0,2016,"action, comedy, crime, mystery, thriller"
32,Feature Film,Jaume Collet-Serra,5,6.4,86.0,2016,"drama, horror, thriller"
33,Feature Film,Jon M. Chu,7,6.5,129.0,2016,"action, adventure, comedy, crime, mystery, thriller"
34,Feature Film,Matthew Brown,7,7.2,108.0,2015,"biography, drama"
35,Feature Film,Adam McKay,7,7.8,130.0,2015,"biography, comedy, drama, history"
36,Feature Film,Tom McCarthy,7,8.1,128.0,2015,"biography, crime, drama, history"
37,Feature Film,Ridley Scott,7,7.8,157.0,2007,"biography, crime, drama"
38,Feature Film,"Ethan Coen, Joel Coen",7,7.7,110.0,2010,"adventure, drama, western"
40,Feature Film,Rob Reiner,7,7.8,107.0,1990,"crime, drama, thriller"
41,Feature Film,Ridley Scott,7,7.3,116.0,2003,"comedy, crime, drama, thriller"
42,Documentary,"Rod Blackhurst, Brian McGinn",6,7.0,92.0,2016,"documentary, crime"
43,Feature Film,Guillaume Canet,7,7.6,131.0,2006,"crime, drama, mystery, romance, thriller"
44,Feature Film,Richard Curtis,7,7.7,135.0,2003,"comedy, drama, romance"
45,Feature Film,Denis Villeneuve,7,8.1,153.0,2013,"crime, drama, mystery, thriller"
46,Feature Film,Morten Tyldum,8,8.1,114.0,2014,"biography, drama, thriller, war"
47,Feature Film,Christian Carion,7,7.8,116.0,2005,"drama, history, music, romance, war"
48,Feature Film,Martin Brest,7,7.1,178.0,1998,"drama, fantasy, romance"
49,Feature Film,Shane Carruth,6,7.0,77.0,2004,"drama, sci_fi, thriller"
50,Feature Film,Gore Verbinski,6,7.2,107.0,2011,"animation, adventure, comedy, family, western"
51,Feature Film,Zal Batmanglij,7,6.8,116.0,2013,"adventure, crime, drama, thriller"
52,Feature Film,Oliver Stone,5,6.8,125.0,1997,"crime, drama, thriller"
53,Feature Film,David O. Russell,7,7.8,122.0,2012,"comedy, drama, romance"
54,Feature Film,"Chris Weitz, Paul Weitz",7,7.1,101.0,2002,"comedy, drama, romance"
55,Feature Film,David Mackenzie,7,7.1,92.0,2011,"drama, romance, sci_fi"
56,Feature Film,Atom Egoyan,6,6.3,96.0,2009,"drama, mystery, romance, thriller"
57,Feature Film,Brian De Palma,6,6.3,114.0,2002,"crime, drama, mystery, thriller"
58,Feature Film,George Miller,7,8.1,120.0,2015,"action, adventure, sci_fi, thriller"
59,Feature Film,Alfonso Cuarón,7,7.7,106.0,2001,"adventure, comedy, drama, romance"
60,Feature Film,David Lynch,8,8.0,147.0,2001,"drama, mystery, thriller"
61,Feature Film,Paul Thomas Anderson,8,8.0,188.0,1999,drama
62,Feature Film,Richard Schenkman,7,8.0,87.0,2007,"drama, fantasy, sci_fi"
63,Feature Film,Mark Pellington,7,7.2,117.0,1999,"crime, drama, thriller"
64,Feature Film,Garth Jennings,8,6.8,109.0,2005,"adventure, comedy, sci_fi"
66,Feature Film,"The Wachowski Brothers, The Wachowski Brothers",6,7.2,138.0,2003,"action, sci_fi"
67,Feature Film,Francis Lawrence,7,6.9,121.0,2005,"drama, fantasy, horror, thriller"
68,Documentary,Morgan Spurlock,6,7.3,100.0,2004,"documentary, comedy, drama"
69,Feature Film,Dominic Sena,6,6.5,118.0,2000,"action, crime, thriller"
70,Feature Film,John Woo,7,7.3,138.0,1997,"action, crime, sci_fi, thriller"
71,Feature Film,Jan de Bont,7,7.2,116.0,1994,"action, adventure, crime, thriller"
72,Feature Film,Andrew Davis,7,7.8,130.0,1993,"action, crime, drama, mystery, thriller"
73,Feature Film,Tony Scott,7,7.3,132.0,1998,"action, crime, drama, mystery, thriller"
74,Feature Film,Wolfgang Petersen,6,6.4,124.0,1997,"action, adventure, drama, romance, thriller"
75,TV Series,"Matt Duffer, Ross Duffer",8,9.0,55.0,2016,"drama, fantasy, horror, mystery, sci_fi, thriller"
78,Feature Film,Brett Ratner,5,6.9,98.0,1998,"action, comedy, crime, thriller"
79,Documentary,"Peter Mortimer, Nick Rosen",7,8.3,86.0,2014,documentary
80,Feature Film,Oskar Roehler,6,6.7,113.0,2006,"drama, romance"
82,Feature Film,Jonathan Demme,8,8.6,118.0,1991,"crime, drama, thriller"
83,Feature Film,Francis Lawrence,7,6.6,137.0,2015,"action, adventure, sci_fi, thriller"
84,Feature Film,Alejandro G. Iñárritu,7,7.8,119.0,2014,"comedy, drama, romance"
85,Feature Film,Doug Liman,8,7.9,113.0,2014,"action, adventure, sci_fi"
86,Feature Film,Edward Zwick,7,7.5,133.0,1994,"drama, romance, war, western"
88,Feature Film,Edgar Wright,9,8.0,99.0,2004,"comedy, horror"
89,Feature Film,Zack Snyder,6,7.4,101.0,2004,"action, horror, thriller"
90,Feature Film,"Ethan Coen, Joel Coen",6,6.3,106.0,2016,"comedy, mystery"
91,Feature Film,Scott Cooper,7,6.9,123.0,2015,"biography, crime, drama"
92,Feature Film,Robert Zemeckis,7,7.4,123.0,2015,"adventure, biography, drama, thriller"
93,Feature Film,Alejandro G. Iñárritu,7,8.0,156.0,2015,"adventure, drama, thriller, western"
94,Feature Film,Tim Miller,8,8.1,108.0,2016,"action, adventure, comedy, romance, sci_fi"
95,Feature Film,Ridley Scott,9,8.0,144.0,2015,"adventure, drama, sci_fi"
96,Feature Film,Baltasar Kormákur,6,7.1,121.0,2015,"adventure, biography, drama, history, sport, thriller"
98,Feature Film,"Glenn Ficarra, John Requa",6,7.4,118.0,2011,"comedy, drama, romance"
99,Documentary,Alex Holmes,6,7.6,104.0,2014,"documentary, biography, sport"
102,Feature Film,Brad Furman,7,7.3,118.0,2011,"crime, drama, thriller"
103,Feature Film,Edgar Wright,7,7.5,112.0,2010,"action, comedy, fantasy, romance"
104,Feature Film,Tim Burton,6,8.0,125.0,2003,"adventure, drama, fantasy"
105,Feature Film,Carl Franklin,7,6.3,115.0,2002,"crime, drama, mystery, thriller"
106,Feature Film,Lenny Abrahamson,8,8.2,118.0,2015,drama
109,Feature Film,Bob Clark,7,8.0,94.0,1983,"comedy, family"
110,Feature Film,Michael Mann,7,7.6,120.0,2004,"crime, drama, thriller"
113,Feature Film,Ridley Scott,7,7.1,128.0,2008,"action, drama, romance, thriller, war"
114,Feature Film,Sam Mendes,6,6.8,148.0,2015,"action, adventure, thriller"
115,Feature Film,Wes Anderson,8,8.1,99.0,2014,"adventure, comedy, drama"
116,Feature Film,David Koepp,7,6.6,96.0,2004,"mystery, thriller"
119,Feature Film,Steven Spielberg,9,8.9,195.0,1993,"biography, drama, history"
120,Feature Film,Alfonso Cuarón,6,7.9,109.0,2006,"drama, sci_fi, thriller"
121,Feature Film,David Cronenberg,8,7.7,100.0,2007,"crime, mystery, thriller"
122,Feature Film,Curtis Hanson,7,7.0,110.0,2002,"drama, music"
123,Feature Film,Sydney Pollack,6,6.4,128.0,2005,"crime, mystery, thriller"
124,Feature Film,Robert Schwentke,6,6.2,98.0,2005,"drama, mystery, thriller"
125,Feature Film,Tom Tykwer,5,6.5,118.0,2009,"action, crime, drama, mystery, thriller"
126,Feature Film,Doug Liman,7,6.8,108.0,2010,"biography, drama, thriller"
127,Feature Film,Martin Scorsese,7,7.5,170.0,2004,"biography, drama"
128,Feature Film,Paul W.S. Anderson,6,6.7,100.0,2002,"action, horror, sci_fi"
129,Feature Film,Anthony Minghella,7,7.2,154.0,2003,"adventure, drama, history, romance, war"
131,Feature Film,Michael Bully Herbig,5,5.3,87.0,2004,"comedy, sci_fi"
132,Feature Film,Til Schweiger,6,6.6,116.0,2007,"comedy, romance"
133,Feature Film,Nimród Antal,7,7.7,105.0,2003,"comedy, crime, drama, romance, thriller"
134,Feature Film,Michael Bully Herbig,8,6.6,87.0,2001,"comedy, western"
135,Feature Film,Tobi Baumann,6,6.1,85.0,2004,"comedy, crime, mystery"
136,Feature Film,Arne Feldhusen,7,7.4,123.0,2014,comedy
137,Feature Film,Anno Saul,6,6.4,107.0,2006,"comedy, romance, sport"
139,Feature Film,Michael 'Bully' Herbig,5,4.9,87.0,2000,comedy
141,Feature Film,Hans-Christian Schmid,6,6.6,97.0,2000,drama
143,Feature Film,Gabriele Muccino,7,8.0,117.0,2006,"biography, drama"
144,Feature Film,Steven Soderbergh,7,7.3,131.0,2000,"biography, drama"
145,Feature Film,Gus Van Sant,7,7.6,128.0,2008,"biography, drama, history, romance"
146,Feature Film,Steven Soderbergh,7,7.6,147.0,2000,"crime, drama, thriller"
147,Feature Film,Alejandro González Iñárritu,8,7.7,124.0,2003,drama
148,Feature Film,Jessie Nelson,7,7.6,132.0,2001,drama
150,Feature Film,Julian Schnabel,8,8.0,112.0,2007,"biography, drama"
151,Feature Film,Ridley Scott,8,8.5,155.0,2000,"action, adventure, drama"
152,Feature Film,Sam Raimi,6,7.3,121.0,2002,"action, adventure"
153,Feature Film,Steven Spielberg,7,8.1,127.0,1993,"adventure, sci_fi, thriller"
154,Feature Film,Roland Emmerich,6,6.9,145.0,1996,"action, adventure, sci_fi"
155,Feature Film,Luc Besson,7,7.7,126.0,1997,"action, adventure, sci_fi"
156,Feature Film,Peter Jackson,5,7.2,187.0,2005,"action, adventure, drama, romance"
157,Feature Film,"The Spierig Brothers, The Spierig Brothers",8,7.4,97.0,2014,"drama, mystery, sci_fi, thriller"
158,Feature Film,Harold Ramis,7,8.1,101.0,1993,"comedy, fantasy, romance"
159,Feature Film,Jaco Van Dormael,8,7.9,141.0,2009,"drama, fantasy, romance, sci_fi"
160,Feature Film,Louis Leterrier,6,6.8,112.0,2008,"action, adventure, sci_fi"
161,Feature Film,Simon West,6,5.7,100.0,2001,"action, adventure, fantasy, thriller"
162,Feature Film,Duncan Jones,8,7.9,97.0,2009,"drama, mystery, sci_fi"
163,Feature Film,Lars von Trier,9,7.1,135.0,2011,drama
164,Feature Film,Ang Lee,5,5.7,138.0,2003,"action, sci_fi"
165,Feature Film,Anthony Minghella,8,7.3,139.0,1999,"crime, drama, thriller"
166,Feature Film,Spike Jonze,8,7.8,112.0,1999,"comedy, drama, fantasy"
167,Feature Film,Joe Wright,6,6.8,111.0,2011,"action, drama, thriller"
168,Feature Film,John McTiernan,5,6.2,130.0,1993,"action, adventure, comedy, fantasy"
169,Feature Film,John Dahl,7,7.4,121.0,1998,"crime, drama"
170,Feature Film,Jerzy Skolimowski,4,6.1,83.0,2010,"thriller, war"
172,Feature Film,Stanley Kramer,8,8.3,186.0,1961,"drama, war"
173,Feature Film,Joseph Gordon-Levitt,6,6.6,90.0,2013,"comedy, drama, romance"
175,Feature Film,Iain Softley,6,6.2,107.0,1995,"comedy, crime, drama, thriller"
176,Feature Film,Clint Eastwood,8,7.8,141.0,2008,"biography, crime, drama, mystery, thriller"
177,Feature Film,Michael O. Sajbel,5,7.4,114.0,2006,"drama, family, romance"
178,Feature Film,Ben Affleck,8,7.7,114.0,2007,"crime, drama, mystery, thriller"
179,Feature Film,Alex Garland,8,7.7,108.0,2015,"drama, mystery, sci_fi, thriller"
180,Feature Film,Ben Affleck,7,7.7,120.0,2012,"biography, drama, history, thriller"
181,Feature Film,Darren Aronofsky,7,7.9,109.0,2008,"drama, sport"
182,Feature Film,Sidney Lumet,9,8.9,96.0,1957,"crime, drama"
183,Feature Film,Destin Daniel Cretton,8,8.0,96.0,2013,drama
184,Feature Film,Daniel Barber,6,7.2,103.0,2009,"action, crime, drama, thriller"
187,Feature Film,James Gunn,8,8.1,121.0,2014,"action, adventure, sci_fi"
188,Feature Film,Francis Lawrence,7,6.7,123.0,2014,"adventure, sci_fi, thriller"
189,Feature Film,Jan Ole Gerster,6,7.4,86.0,2012,drama
190,Feature Film,Darren Lynn Bousman,6,6.6,93.0,2005,"horror, mystery"
191,Feature Film,David Fincher,8,8.1,149.0,2014,"crime, drama, mystery, thriller"
192,Feature Film,M. Night Shyamalan,7,8.1,107.0,1999,"drama, mystery, thriller"
193,Feature Film,Philipp Stölzl,7,7.4,126.0,2008,"adventure, drama, history, sport"
194,Feature Film,Fatih Akin,7,7.3,99.0,2009,"comedy, drama"
195,Documentary,Kevin Macdonald,7,8.1,106.0,2003,"documentary, adventure, drama, sport"
196,Feature Film,Tom Tykwer,7,7.8,81.0,1998,"crime, drama, thriller"
197,Feature Film,Danny Boyle,7,7.6,94.0,2010,"adventure, biography, drama, thriller"
198,Feature Film,Terry George,8,8.1,121.0,2004,"drama, history, war"
199,Feature Film,Martin Campbell,6,5.9,124.0,2000,"action, adventure, drama, thriller"
200,Feature Film,Ari Folman,7,6.5,122.0,2013,"animation, drama, sci_fi"
201,Feature Film,Juan José Campanella,8,8.2,129.0,2009,"drama, mystery, thriller"
202,Feature Film,Greg Marcks,8,7.2,86.0,2003,"comedy, crime, drama"
203,Documentary,Louie Psihoyos,9,8.5,92.0,2009,"documentary, crime"
204,Feature Film,Darren Aronofsky,8,7.5,84.0,1998,"drama, horror, mystery, sci_fi, thriller"
205,Feature Film,Spike Lee,8,7.7,135.0,2002,drama
206,Feature Film,Dennis Gansel,9,7.6,107.0,2008,"drama, thriller"
207,Feature Film,David Cronenberg,9,6.8,97.0,1999,"action, horror, sci_fi, thriller"
208,Feature Film,Asger Leth,8,6.6,102.0,2012,"action, crime, thriller"
209,Feature Film,Mark Romanek,8,6.8,96.0,2002,"drama, thriller"
210,Feature Film,Ashutosh Gowariker,6,8.3,210.0,2004,drama
211,Feature Film,Larysa Kondracki,8,7.2,112.0,2010,"action, biography, crime, drama, thriller"
212,Feature Film,Richard Donner,8,6.6,102.0,2006,"action, crime, drama, thriller"
213,Feature Film,Daniel Alfredson,8,7.3,147.0,2009,"crime, drama, thriller"
214,Feature Film,Michael Glawogger,7,6.1,86.0,2004,"comedy, drama"
215,Feature Film,Christopher Nolan,9,8.6,169.0,2014,"adventure, drama, sci_fi"
216,Feature Film,Christopher Nolan,10,9.0,152.0,2008,"action, crime, drama, thriller"
217,Feature Film,Christopher Nolan,10,8.8,148.0,2010,"action, adventure, sci_fi, thriller"
218,Feature Film,David Fincher,10,8.8,139.0,1999,drama
219,Feature Film,Sam Mendes,9,8.4,122.0,1999,"drama, romance"
220,Feature Film,Christopher Nolan,9,8.5,164.0,2012,"action, thriller"
221,Feature Film,Martin Scorsese,8,8.5,151.0,2006,"crime, drama, thriller"
222,Feature Film,Richard Kelly,9,8.1,113.0,2001,"drama, sci_fi, thriller"
223,Feature Film,Christopher Nolan,10,8.5,130.0,2006,"drama, mystery, sci_fi, thriller"
224,Feature Film,"The Wachowski Brothers, The Wachowski Brothers",10,8.7,136.0,1999,"action, sci_fi"
225,Feature Film,Martin Scorsese,10,8.7,146.0,1990,"biography, crime, drama"
226,Feature Film,Bryan Singer,10,8.6,106.0,1995,"crime, drama, mystery, thriller"
227,Feature Film,David Fincher,10,8.6,127.0,1995,"crime, drama, mystery, thriller"
228,Feature Film,Darren Aronofsky,10,8.4,102.0,2000,drama
229,Feature Film,Tony Kaye,10,8.6,119.0,1998,"crime, drama"
230,Feature Film,Christopher Nolan,9,8.3,140.0,2005,"action, adventure"
231,Feature Film,Darren Aronofsky,9,8.0,108.0,2010,"drama, thriller"
232,Feature Film,"Olivier Nakache, Eric Toledano",9,8.6,112.0,2011,"biography, comedy, drama"
233,Feature Film,Louis Leterrier,8,7.3,115.0,2013,"crime, mystery, thriller"
234,Feature Film,Stanley Kubrick,10,8.3,136.0,1971,"crime, drama, sci_fi"
235,Feature Film,Pierre Morel,8,7.8,93.0,2008,"action, thriller"
236,Feature Film,Christopher Nolan,10,8.5,113.0,2000,"mystery, thriller"
237,Feature Film,"Fernando Meirelles, Kátia Lund",10,8.7,130.0,2002,"crime, drama"
238,Feature Film,"Tom Tykwer, Lana Wachowski",8,7.5,172.0,2012,"drama, sci_fi"
239,Feature Film,Chan-wook Park,9,8.4,120.0,2003,"drama, mystery, thriller"
240,Feature Film,Roberto Benigni,9,8.6,116.0,1997,"comedy, drama, war"
241,Feature Film,James McTeigue,10,8.2,132.0,2005,"action, drama, thriller"
242,Feature Film,Paul Haggis,9,7.9,112.0,2004,"crime, drama, thriller"
243,Feature Film,Terry Gilliam,9,8.0,129.0,1995,"mystery, sci_fi, thriller"
244,Feature Film,Neil Burger,8,7.4,105.0,2011,"mystery, sci_fi, thriller"
245,Feature Film,Curtis Hanson,9,8.3,138.0,1997,"crime, drama, mystery, thriller"
246,Feature Film,Clint Eastwood,10,8.2,116.0,2008,drama
247,Feature Film,David Fincher,10,7.8,129.0,1997,"drama, mystery, thriller"
248,Feature Film,Martin McDonagh,8,8.0,107.0,2008,"comedy, crime, drama"
249,Feature Film,Taylor Hackford,9,7.5,144.0,1997,"drama, mystery, thriller"
250,Feature Film,Andrew Niccol,10,7.8,106.0,1997,"drama, sci_fi, thriller"
252,Feature Film,"Ethan Coen, Joel Coen",9,7.0,96.0,2008,"comedy, drama"
253,Feature Film,Darren Aronofsky,8,7.3,96.0,2006,"drama, sci_fi"
254,Feature Film,Martin McDonagh,8,7.2,110.0,2012,"comedy, crime"
255,Feature Film,Robert Luketic,8,6.8,123.0,2008,"crime, drama, thriller"
256,Feature Film,Michael Mann,8,7.9,157.0,1999,"biography, drama, thriller"
257,Feature Film,Christopher Nolan,8,7.6,69.0,1998,"crime, mystery, thriller"
258,Feature Film,Fernando Meirelles,8,7.5,129.0,2005,"drama, mystery, romance, thriller"
259,Documentary,Gabriela Cowperthwaite,8,8.1,83.0,2013,"documentary, drama"
260,Feature Film,Kurt Wimmer,5,7.5,107.0,2002,"action, drama, sci_fi, thriller"
261,Feature Film,Michael Mann,7,8.2,170.0,1995,"action, crime, drama, thriller"
262,Feature Film,George Clooney,7,7.1,101.0,2011,drama
263,Feature Film,Stephen Norrington,7,7.1,120.0,1998,"action, horror"
264,Feature Film,Paul Haggis,7,7.4,133.0,2010,"crime, drama, romance, thriller"
265,Feature Film,Joss Whedon,7,8.1,143.0,2012,"action, sci_fi"
266,Feature Film,Guy Ritchie,8,8.2,107.0,1998,"comedy, crime"
267,Feature Film,"Tatsuya Ishihara, Yasuhiro Takemoto",6,8.2,163.0,2010,"animation, comedy, drama, mystery, sci_fi"
268,Feature Film,Hans Weingartner,7,7.5,127.0,2004,"comedy, crime, drama, romance"
269,Feature Film,Oliver Stone,5,7.1,192.0,1995,"biography, drama, history"
270,Feature Film,Uli Edel,7,7.4,150.0,2008,"action, biography, crime, drama"
271,Feature Film,Michael Davis,4,6.7,86.0,2007,"action, comedy, crime, thriller"
272,Feature Film,Ridley Scott,8,8.2,117.0,1982,"sci_fi, thriller"
274,Feature Film,Steven Spielberg,6,7.3,128.0,2004,"comedy, drama, romance"
276,Feature Film,Zack Snyder,6,7.6,162.0,2009,"action, drama, mystery, sci_fi"
277,Feature Film,Paul McGuigan,9,7.8,110.0,2006,"crime, drama, mystery, thriller"
278,Feature Film,Zack Snyder,3,7.7,117.0,2006,"action, drama, fantasy"
279,Feature Film,Steven Soderbergh,8,7.8,116.0,2001,"crime, thriller"
280,Feature Film,Bryan Singer,7,7.4,104.0,2000,"action, adventure, sci_fi"
281,Feature Film,Sofia Coppola,7,7.8,101.0,2003,drama
282,Feature Film,Ron Howard,6,6.6,149.0,2006,"mystery, thriller"
283,Feature Film,Michael Bay,6,6.6,151.0,1998,"action, adventure, sci_fi, thriller"
284,Feature Film,James Mangold,7,7.9,136.0,2005,"biography, drama, music, romance"
285,Feature Film,Steven Soderbergh,6,6.9,122.0,2007,"crime, thriller"
286,Feature Film,Gregory Hoblit,7,7.2,113.0,2007,"crime, drama, mystery, thriller"
287,Feature Film,Steven Soderbergh,6,6.5,125.0,2004,"crime, thriller"
288,Feature Film,"Jonathan Dayton, Valerie Faris",7,7.8,101.0,2006,"comedy, drama"
289,Feature Film,Paul Greengrass,7,7.8,108.0,2004,"action, mystery, thriller"
290,Feature Film,Ted Demme,7,7.6,124.0,2001,"biography, crime, drama"
291,Feature Film,Shane Black,8,7.6,103.0,2005,"comedy, crime, mystery"
292,Feature Film,Nicolas Winding Refn,4,7.1,92.0,2008,"action, biography, crime, drama"
293,Feature Film,"Daniel Myrick, Eduardo Sanchez",4,6.4,81.0,1999,"drama, horror, mystery"
294,Feature Film,Jason Reitman,7,7.4,109.0,2009,"drama, romance"
295,Feature Film,Doug Liman,6,6.5,120.0,2005,"action, comedy, crime, romance, thriller"
296,Feature Film,Steven Spielberg,7,7.6,164.0,2005,"drama, thriller"
297,Feature Film,Lee Tamahori,6,6.1,133.0,2002,"action, adventure, thriller"
298,Feature Film,Mike Newell,7,7.8,127.0,1997,"biography, crime, drama"
299,Feature Film,Michael Apted,6,6.4,128.0,1999,"action, adventure, thriller"
300,Feature Film,Stuart Hazeldine,7,6.9,101.0,2009,"mystery, thriller"
301,Feature Film,Kimberly Peirce,7,7.6,118.0,1999,"biography, crime, drama, romance"
302,Feature Film,Richard Linklater,7,7.1,100.0,2006,"animation, crime, drama, mystery, sci_fi, thriller"
303,Feature Film,Robert Rodriguez,6,7.2,104.0,1995,"action, thriller"
304,Feature Film,Grant Heslov,7,6.2,94.0,2009,"comedy, war"
306,Feature Film,Tony Gilroy,7,7.3,119.0,2007,"crime, drama, thriller"
307,Feature Film,Vincenzo Natali,9,6.8,95.0,2002,"mystery, sci_fi, thriller"
308,Feature Film,Peter Thorwarth,7,7.6,110.0,1999,"action, comedy, crime"
309,Feature Film,Hideo Nakata,7,6.7,101.0,2002,"drama, horror, mystery, thriller"
310,Feature Film,Ole Bornedal,7,7.3,107.0,1994,"horror, thriller"
311,Feature Film,Andrzej Sekula,6,5.6,94.0,2002,"sci_fi, thriller"
312,Feature Film,Vincenzo Natali,7,6.3,90.0,2003,"comedy, fantasy"
313,Feature Film,Olivier Megaton,6,6.4,108.0,2011,"action, crime, drama, thriller"
314,Feature Film,Takashi Shimizu,6,5.9,91.0,2004,"horror, mystery, thriller"
315,Feature Film,Sam Raimi,6,6.6,99.0,2009,"comedy, horror, thriller"
316,Feature Film,David Zucker,6,6.8,85.0,1991,"comedy, crime"
317,Feature Film,Hideo Nakata,7,7.3,96.0,1998,"horror, mystery, sci_fi"
318,Feature Film,Alan Parker,8,7.6,130.0,2003,"crime, drama, thriller"
319,Feature Film,Roman Polanski,6,7.2,128.0,2010,"mystery, thriller"
320,Feature Film,Peter Segal,6,6.4,83.0,1994,"comedy, crime"
321,Feature Film,Uwe Boll,1,2.3,96.0,2005,"horror, sci_fi"
322,Feature Film,Daniel Alfredson,7,7.2,129.0,2009,"crime, drama, mystery, thriller"
323,Feature Film,David Koepp,6,7.0,99.0,1999,"horror, mystery, thriller"
324,Feature Film,John Carpenter,5,4.9,98.0,2001,"action, horror, sci_fi"
325,Feature Film,Wolfgang Becker,7,7.7,121.0,2003,"drama, romance"
326,Feature Film,Christophe Barratier,6,7.9,97.0,2004,"drama, music"
327,Feature Film,Oliver Hirschbiegel,9,7.8,120.0,2001,"drama, thriller"
328,Feature Film,Mathieu Kassovitz,6,5.8,98.0,2003,"horror, mystery, thriller"
329,Feature Film,Richard Caesar,6,4.0,89.0,2000,"horror, thriller"
331,Feature Film,George Lucas,7,8.7,121.0,1977,"action, adventure, fantasy, sci_fi"
335,Feature Film,Richard Marquand,7,8.4,131.0,1983,"action, adventure, fantasy, sci_fi"
337,Feature Film,John McTiernan,7,8.2,131.0,1988,"action, thriller"
340,Feature Film,Irvin Kershner,7,8.8,124.0,1980,"action, adventure, fantasy, sci_fi"
342,Feature Film,Peter Jackson,7,8.8,178.0,2001,"adventure, drama, fantasy"
343,Feature Film,Frank Darabont,9,9.3,142.0,1994,"crime, drama"
344,Feature Film,James Cameron,7,7.7,194.0,1997,"drama, romance"
346,Feature Film,Francis Ford Coppola,8,9.2,175.0,1972,"crime, drama"
348,Feature Film,Martin Scorsese,8,8.2,180.0,2013,"biography, comedy, crime, drama"
349,Feature Film,Peter Jackson,6,7.9,169.0,2012,"adventure, fantasy"
350,Feature Film,Robert Zemeckis,8,8.8,142.0,1994,"comedy, drama"
351,Feature Film,Peter Jackson,5,7.9,161.0,2013,"adventure, fantasy"
352,Feature Film,Quentin Tarantino,7,8.9,154.0,1994,"crime, drama"
353,Feature Film,Quentin Tarantino,7,8.3,153.0,2009,"adventure, drama, war"
354,Feature Film,Steven Spielberg,7,8.6,169.0,1998,"action, drama, war"
355,Feature Film,Ridley Scott,7,7.0,124.0,2012,"adventure, mystery, sci_fi"
356,Feature Film,Frank Darabont,7,8.5,189.0,1999,"crime, drama, fantasy, mystery"
357,Feature Film,Peter Jackson,7,8.9,201.0,2003,"adventure, drama, fantasy"
358,Feature Film,Steven Spielberg,7,8.5,115.0,1981,"action, adventure"
360,Feature Film,Mel Gibson,6,8.4,178.0,1995,"biography, drama, history, war"
362,Feature Film,Luc Besson,8,8.6,110.0,1994,"crime, drama, thriller"
363,Feature Film,Quentin Tarantino,8,8.4,165.0,2012,"drama, western"
364,Feature Film,Danny Boyle,8,8.2,94.0,1996,drama
365,Feature Film,Gary Ross,7,7.2,142.0,2012,"action, adventure, sci_fi, thriller"
366,Feature Film,"Ethan Coen, Joel Coen",5,8.1,122.0,2007,"crime, drama, thriller"
367,Feature Film,James Cameron,7,7.9,162.0,2009,"action, adventure, fantasy, sci_fi"
368,Feature Film,Stanley Kubrick,7,8.3,116.0,1987,"drama, war"
369,Feature Film,Gus Van Sant,7,8.3,126.0,1997,drama
370,Feature Film,Edgar Wright,8,7.9,116.0,2007,"action, comedy, mystery"
371,Feature Film,Martin Campbell,8,8.0,144.0,2006,"action, adventure, thriller"
372,Feature Film,Stanley Kubrick,7,8.4,146.0,1980,"drama, horror"
374,Feature Film,Peter Jackson,7,8.7,179.0,2002,"adventure, drama, fantasy"
375,Feature Film,Gore Verbinski,5,8.0,143.0,2003,"action, adventure, fantasy"
376,Feature Film,Robert Zemeckis,7,8.5,116.0,1985,"adventure, comedy, sci_fi"
377,Feature Film,Michel Gondry,8,8.3,108.0,2004,"drama, fantasy, romance, sci_fi"
378,Feature Film,Martin Scorsese,8,8.1,138.0,2010,"mystery, thriller"
379,Feature Film,Spike Jonze,7,8.0,126.0,2013,"drama, romance, sci_fi"
380,Feature Film,Nicolas Winding Refn,7,7.8,100.0,2011,"crime, drama"
381,Feature Film,Todd Phillips,7,7.8,100.0,2009,comedy
382,Feature Film,Sam Mendes,7,7.8,143.0,2012,"action, adventure, thriller"
383,Feature Film,Guy Ritchie,8,8.3,104.0,2000,"comedy, crime"
384,Feature Film,"Roger Allers, Rob Minkoff",7,8.5,88.0,1994,"animation, adventure, drama, family, musical"
385,Feature Film,Francis Ford Coppola,8,9.0,202.0,1974,"crime, drama"
386,Feature Film,Joel Coen,7,8.2,117.0,1998,"comedy, crime, mystery"
387,Feature Film,Matthew Vaughn,6,7.7,117.0,2010,"action, comedy"
388,Feature Film,Greg Mottola,4,7.6,113.0,2007,comedy
389,Feature Film,"Frank Miller, Robert Rodriguez",6,8.0,124.0,2005,"crime, thriller"
390,Feature Film,Quentin Tarantino,8,8.4,99.0,1992,"crime, drama, thriller"
391,Feature Film,Paul Thomas Anderson,7,8.1,158.0,2007,"drama, history"
392,Feature Film,Guillermo del Toro,8,8.2,118.0,2006,"drama, fantasy, war"
393,Feature Film,Steven Spielberg,8,8.0,141.0,2002,"biography, crime, drama"
394,Feature Film,Christopher McQuarrie,7,7.0,130.0,2012,"action, crime, mystery, thriller"
395,Feature Film,Renny Harlin,7,7.1,124.0,1990,"action, thriller"
396,Feature Film,Steven Spielberg,7,7.6,118.0,1984,"action, adventure"
397,Feature Film,Stanley Kubrick,6,7.3,159.0,1999,"drama, mystery, thriller"
398,Feature Film,Sean Penn,7,8.2,148.0,2007,"adventure, biography, drama"
399,Feature Film,Peter Weir,7,8.1,103.0,1998,"comedy, drama, sci_fi"
400,Feature Film,Mary Harron,8,7.6,102.0,2000,"crime, drama"
401,Feature Film,William Friedkin,7,8.0,122.0,1973,horror
402,Feature Film,Rian Johnson,7,7.4,119.0,2012,"action, crime, drama, sci_fi, thriller"
403,Feature Film,Thomas Vinterberg,8,8.3,115.0,2012,drama
404,Feature Film,Ron Howard,8,8.2,135.0,2001,"biography, drama"
406,Feature Film,Sergio Leone,6,8.6,175.0,1968,western
407,Feature Film,Stanley Kubrick,7,8.3,149.0,1968,"adventure, mystery, sci_fi"
408,Feature Film,"Andrew Stanton, Lee Unkrich",7,8.2,100.0,2003,"animation, adventure, comedy, family"
409,Feature Film,Ridley Scott,7,7.7,144.0,2001,"drama, history, war"
410,Feature Film,Jon Favreau,7,7.9,126.0,2008,"action, adventure, sci_fi"
411,Feature Film,David Fincher,8,7.7,157.0,2007,"crime, drama, history, mystery, thriller"
412,Feature Film,Steven Spielberg,7,8.3,127.0,1989,"action, adventure, fantasy"
413,Feature Film,Clint Eastwood,8,8.0,138.0,2003,"crime, drama, mystery, thriller"
414,Feature Film,Robert Schwentke,7,7.1,111.0,2010,"action, comedy, crime, thriller"
415,Feature Film,Quentin Tarantino,6,8.1,111.0,2003,"action, crime, thriller"
416,Feature Film,Marc Webb,7,7.7,95.0,2009,"comedy, drama, romance"
418,Feature Film,Ben Affleck,7,7.6,125.0,2010,"crime, drama, thriller"
419,Feature Film,Francis Lawrence,7,7.6,146.0,2013,"action, adventure, mystery, sci_fi, thriller"
420,Feature Film,Antoine Fuqua,7,7.7,122.0,2001,"crime, drama, thriller"
421,Feature Film,Michael Bay,5,6.1,183.0,2001,"action, drama, history, romance, war"
422,Feature Film,Brad Anderson,7,7.7,101.0,2004,"drama, thriller"
423,Feature Film,Spike Lee,7,7.6,129.0,2006,"crime, drama, mystery, thriller"
424,Feature Film,David Fincher,7,7.7,120.0,2010,"biography, drama"
425,Feature Film,Jean-Pierre Jeunet,7,8.4,122.0,2001,"comedy, romance"
426,Feature Film,Tom Ford,7,7.6,99.0,2009,"drama, romance"
427,Feature Film,Joss Whedon,8,8.0,119.0,2005,"action, adventure, sci_fi, thriller"
428,Feature Film,Gore Verbinski,6,7.1,169.0,2007,"action, adventure, fantasy"
429,Feature Film,James Cameron,7,8.0,107.0,1984,"action, sci_fi"
430,Feature Film,David Fincher,6,7.8,166.0,2008,"drama, fantasy, romance"
431,Feature Film,Alfonso Cuarón,8,7.8,91.0,2013,"adventure, drama, sci_fi, thriller"
432,Feature Film,Kathryn Bigelow,6,7.4,157.0,2012,"drama, history, thriller"
433,Feature Film,Robert Zemeckis,5,7.3,138.0,2012,"drama, thriller"
434,Feature Film,Steven Spielberg,7,7.7,145.0,2002,"action, mystery, sci_fi, thriller"
435,Feature Film,Florian Henckel von Donnersmarck,8,8.5,137.0,2006,"drama, thriller"
436,Feature Film,James Cameron,7,8.5,137.0,1991,"action, sci_fi"
437,Feature Film,Clint Eastwood,8,8.3,131.0,1992,"drama, western"
438,Feature Film,Stanley Kubrick,7,8.5,95.0,1964,comedy
439,Feature Film,"Danny Boyle, Loveleen Tandan",6,8.0,120.0,2008,drama
440,Feature Film,Ruben Fleischer,8,7.7,88.0,2009,"adventure, comedy, horror, sci_fi"
441,Feature Film,Andrew Niccol,7,6.7,109.0,2011,"action, sci_fi, thriller"
442,Feature Film,Len Wiseman,7,7.2,128.0,2007,"action, adventure, thriller"
443,Feature Film,Paul Verhoeven,6,7.2,129.0,1997,"action, adventure, sci_fi, thriller"
444,Feature Film,Danny Boyle,7,7.6,113.0,2002,"drama, horror, sci_fi, thriller"
445,Feature Film,Martin Scorsese,8,8.2,178.0,1995,"biography, crime, drama"
446,Feature Film,Steven Spielberg,7,6.2,122.0,2008,"action, adventure, fantasy"
447,Feature Film,Oliver Hirschbiegel,7,8.3,156.0,2004,"biography, drama, history, war"
448,Feature Film,John McTiernan,7,7.6,128.0,1995,"action, adventure, thriller"
449,Feature Film,Matt Reeves,5,7.0,85.0,2008,"action, horror, sci_fi, thriller"
450,Feature Film,Clint Eastwood,7,8.1,132.0,2004,"drama, sport"
451,Feature Film,John Carpenter,7,8.2,109.0,1982,"horror, mystery, sci_fi"
452,Feature Film,Roger Kumble,6,6.9,97.0,1999,"drama, romance"
453,Feature Film,"Pete Docter, Bob Peterson",7,8.3,96.0,2009,"animation, adventure, comedy, family"
454,Feature Film,Francis Lawrence,7,7.2,101.0,2007,"drama, horror, sci_fi"
455,Feature Film,Duncan Jones,7,7.5,93.0,2011,"mystery, romance, sci_fi, thriller"
456,Feature Film,Seth Gordon,7,6.9,98.0,2011,"comedy, crime"
457,Feature Film,Tom Hooper,7,8.0,118.0,2010,"biography, drama"
458,Feature Film,J.J. Abrams,7,6.9,126.0,2006,"action, adventure, thriller"
459,Feature Film,James Wan,9,7.7,103.0,2004,"horror, mystery, thriller"
460,Feature Film,Francis Ford Coppola,7,7.6,162.0,1990,"crime, drama"
461,Feature Film,Barry Sonnenfeld,6,6.8,106.0,2012,"action, adventure, comedy, family, sci_fi"
462,Feature Film,Edward Zwick,6,8.0,143.0,2006,"adventure, drama, thriller"
463,Feature Film,Joel Schumacher,6,7.4,149.0,1996,"crime, drama, thriller"
464,Feature Film,Kevin Costner,6,8.0,181.0,1990,"adventure, drama, western"
465,Feature Film,"Eric Bress, J. Mackye Gruber",8,7.7,113.0,2004,"sci_fi, thriller"
466,Feature Film,Neill Blomkamp,6,8.0,112.0,2009,"action, sci_fi, thriller"
467,Feature Film,Tony Scott,7,7.7,146.0,2004,"action, crime, drama, thriller"
468,Feature Film,Tony Scott,7,7.0,126.0,2006,"action, sci_fi, thriller"
469,Feature Film,Neil Burger,7,7.6,110.0,2006,"drama, mystery, romance, thriller"
470,Feature Film,Michael Bay,6,6.9,136.0,2005,"action, adventure, romance, sci_fi, thriller"
471,Feature Film,Tomas Alfredson,6,8.0,115.0,2008,"drama, horror, romance"
472,Feature Film,John Madden,6,7.2,123.0,1998,"comedy, drama, romance"
473,Feature Film,Stephen Daldry,7,7.6,124.0,2008,"drama, romance"
474,Feature Film,Marc Forster,6,6.6,106.0,2008,"action, adventure"
475,Feature Film,Christopher Nolan,8,7.2,118.0,2002,"drama, mystery, thriller"
476,Feature Film,M. Night Shyamalan,7,6.5,108.0,2004,"drama, mystery, thriller"
477,Feature Film,F. Gary Gray,7,7.0,111.0,2003,"action, crime, thriller"
478,Feature Film,Tim Burton,6,7.4,105.0,1999,"fantasy, horror, mystery"
479,Feature Film,Niels Arden Oplev,7,7.8,152.0,2009,"crime, drama, mystery, thriller"
480,Feature Film,David Fincher,7,6.8,112.0,2002,"crime, drama, thriller"
481,Feature Film,Vincenzo Natali,9,7.3,90.0,1997,"drama, mystery, sci_fi, thriller"
482,Feature Film,Phillip Noyce,6,6.4,100.0,2010,"action, crime, mystery, thriller"
483,Feature Film,Tom Tykwer,7,7.5,147.0,2006,"crime, drama, fantasy"
484,Feature Film,Danny Boyle,8,7.3,107.0,2007,"adventure, sci_fi, thriller"
485,Feature Film,Adrian Lyne,6,6.7,124.0,2002,"drama, thriller"
486,Feature Film,Alejandro Amenábar,6,7.6,101.0,2001,"horror, mystery, thriller"
487,Feature Film,Gregory Hoblit,9,7.7,129.0,1996,"crime, drama, mystery, thriller"
488,Feature Film,Steven Soderbergh,5,6.6,106.0,2011,"drama, thriller"
489,Feature Film,Woody Allen,6,7.2,96.0,2008,"drama, romance"
490,Feature Film,James Mangold,8,7.3,90.0,2003,"mystery, thriller"
491,Feature Film,Brian De Palma,7,7.1,110.0,1996,"action, adventure, thriller"
492,Feature Film,Gareth Huw Evans,4,7.6,101.0,2011,"action, crime, thriller"
493,Feature Film,Terry Jones,7,8.1,94.0,1979,comedy
494,Feature Film,David Zucker,7,7.6,85.0,1988,"comedy, crime"
495,Feature Film,Roman Polanski,8,8.0,137.0,1968,"drama, horror"
496,Feature Film,Steven Soderbergh,7,7.1,106.0,2013,"crime, drama, thriller"
497,Feature Film,Wes Craven,6,6.5,85.0,2005,"mystery, thriller"
498,Feature Film,Jonathan Mostow,6,6.4,109.0,2003,"action, sci_fi"
499,Feature Film,Joel Schumacher,9,7.1,81.0,2002,"crime, thriller"
500,Feature Film,Spike Jonze,8,7.7,114.0,2002,"comedy, drama"
501,Feature Film,James Wong,6,6.7,98.0,2000,"horror, thriller"
502,Feature Film,Kevin Macdonald,7,7.1,127.0,2009,"crime, drama, mystery, thriller"
503,Feature Film,Jaume Collet-Serra,7,6.9,113.0,2011,"action, mystery, thriller"
504,Feature Film,Alejandro González Iñárritu,7,8.1,154.0,2000,"drama, thriller"
505,Feature Film,Philippe de Chauveron,7,7.0,97.0,2014,comedy
506,Feature Film,Stanley Kubrick,8,8.5,88.0,1957,"drama, war"
507,Feature Film,D.J. Caruso,7,6.9,105.0,2007,"drama, mystery, thriller"
508,Documentary,"Martin Christ, Jens Gronheid",3,6.3,91.0,2014,"documentary, sport"
